{
  "model": "3DGS v3 (50K iters, undistorted, clean.ply)",
  "num_gaussians": 399458,
  "mean_psnr_db": 30.336300345550352,
  "min_psnr_db": 28.381037966236136,
  "max_psnr_db": 32.83153473731912,
  "num_views": 12,
  "psnr_list": [
    30.037156414432662,
    29.173156573150052,
    28.381037966236136,
    28.93922913729606,
    29.99187952754372,
    30.06941443970436,
    32.09438865667527,
    31.074639589272877,
    32.83153473731912,
    31.723220661847744,
    30.0857881057712,
    29.634158337355053
  ],
  "render_time_s": 6.441354751586914
}