{
  "num_images": 120,
  "num_points3D": 34192,
  "mean_reprojection_error": 0.5442317485096255,
  "total_time": 252.69733476638794
}